<?xml version="1.0" encoding="utf-8"?>
<!DOCTYPE install SYSTEM "http://dev.joomla.org/xml/1.5/component-install.dtd">
<install type="component" version="1.5.0">
	<name>VirtueMart</name>
	<creationDate>03.07.2010</creationDate>
	<author>The VirtueMart Development Team</author>
	<authorEmail>team@virtuemart.net</authorEmail>
	<authorUrl>http://www.virtuemart.net</authorUrl>
	<copyright>
		Copyright (C) 2004-2010 VirtueMart Development Team. All rights
		reserved.
	</copyright>
	<license>http://www.gnu.org/licenses/gpl-2.0.html GNU/GPL</license>
	<version>1.1.5</version>
	<description>Online-Shop / E-Commerce Component</description>
	<installfile>install.virtuemart.php</installfile>
	<!-- Site Main File Copy Section -->
	<files>
		<filename>frontend_files.tar.gz</filename>
	</files>

	<administration>
		<menu img="../components/com_virtuemart/shop_image/ps_image/menu_icon.png">VirtueMart</menu>
		<files>
			<filename>2checkout_notify.php</filename>
			<filename>admin_files.tar.gz</filename>
			<filename>admin.virtuemart.php</filename>
			<filename>admin.styles.css</filename>
			<filename>cart.gif</filename>
			<filename>CHANGELOG.php</filename>
			<filename>compat.joomla1.5.php</filename>
			<filename>config.xml</filename>
			<filename>COPYRIGHT.php</filename>
			<filename>global.php</filename>
			<filename>header.php</filename>
			<filename>index.html</filename>
			<filename>install.css</filename>
			<filename>install.copy.php</filename>
			<filename>install.php</filename>
			<filename>INSTALLATION.php</filename>
			<filename>LICENSE.php</filename>
			<filename>notify.php</filename>
			<filename>PEAR.php</filename>
			<filename>README.php</filename>
			<filename>virtuemart.cfg-dist.php</filename>
			<filename>Tar.php</filename>
			<filename>TODO.php</filename>
			<filename>toolbar.html.php</filename>
			<filename>toolbar.php</filename>
			<filename>toolbar.virtuemart.html.php</filename>
			<filename>toolbar.virtuemart.php</filename>
			<filename>version.php</filename>
			<filename>worldpay_notify.php</filename>
			<filename>x-click-but21.gif</filename>
			<filename>export.php</filename>
		</files>
	</administration>
</install>
