<?xml version="1.0" encoding="utf-8"?>
<!DOCTYPE install SYSTEM "http://www.joomla.org/xml/dtd/1.5/module-install.dtd">
<install type="module" version="1.5.0">
	<name>VirtueMart Product Categories</name>
	<creationDate>February 2008</creationDate>
	<author>The VirtueMart Development Team</author>
	<authorEmail>soeren|at|virtuemart.net</authorEmail>
	<authorUrl>http://www.virtuemart.net</authorUrl>
	<copyright>
		Copyright (C) 2004-2008 Soeren Eberhardt-Biermann. All rights
		reserved.
	</copyright>
	<license>http://www.gnu.org/licenses/gpl-2.0.html GNU/GPL</license>
	<version>1.1.0</version>
	<description>Shows VirtueMart product categories.</description>
	<files>
		<filename module="mod_product_categories">mod_product_categories.php</filename>
	</files>
	<params>
		<param name="menutype" type="list" default="jscook"
			label="Category display type"
			description="You can set the display type to *links* to have the default display type: a link list. If you set it to *dTree*, the categories will be displayed in a dTree structure.">
			<option value="links">Link List</option>
			<option value="tigratree">TigraTree</option>
			<option value="jscook">JSCook</option>
			<option value="transmenu">TransMenu</option>
			<option value="dtree">dTree</option>
		</param>
		<param name="jscook_type" type="list" default="menu"
			label="JSCook Type"
			description="The Style for Displaying the categories: Menu or Tree">
			<option value="menu">Menu</option>
			<option value="tree">Tree</option>
		</param>
		<param name="jscookMenu_style" type="text" default="ThemeOffice"
			label="JSCookMenu Style"
			description="The Style for the JSCookMenu. Only fill in when you have selected JSCookMenu as Display Style" />
		<param name="menu_orientation" type="list" default="hbr"
			label="JSCookMenu Orientation"
			description="If you choose JSCookMenu: Either let it display horizontal or vertical!">
			<option value="hbr">Horizontal</option>
			<option value="vbr">Vertical</option>
		</param>
		<param name="jscookTree_style" type="text" default="ThemeXP"
			label="JSCookTree Style"
			description="The Style for the JSCookTree. Only fill in when you have selected JSCookTree as Display Style" />
		<param name="root_label" type="text" default="Shop"
			label="Label of the dTree Root"
			description="Whatever you fill in here: it will be displayed in the root of the dTree." />
		<param name="cache" type="radio" default="0"
			label="Enable Cache"
			description="Select whether to cache the content of this module">
			<option value="0">No</option>
			<option value="1">Yes</option>
		</param>
		<param name="moduleclass_sfx" type="text" default=""
			label="Module Class Suffix"
			description="A suffix to be applied to the css class of the module (table.moduletable), this allows individual module styling" />
		<param name="class_sfx" type="text" default=""
			label="Menu Class Suffix"
			description="A suffix to be applied to the css class of the menu items" />
	</params>
</install>
